FP,Model,R2_mean,R2_std,RMSE_mean,RMSE_std
ECFP4,GBDT,0.2946780204772949,0.19788315234999942,1.1861247130751544,0.06414617569722865
